merchant_id,num_drawdowns,repay_within_1d,repay_within_5d,repay_after_5d,avg_monthly_drawdown,avg_monthly_repayment,avg_monthly_pending_balance,total_drawdown_ttm,total_repayment_ttm,successful_apps,repayment_ratio_ttm,avg_days_to_repay
100274288,5,1,0,2,117000.0,18952.076666666668,83270.51755555558,34000.0,170558.35,1,5.0164220588235295,47.21948354061932
100278695,2,1,0,0,16000.0,8003.5,3196.65,0.0,0.0,1,0.0,0.5
107648451,22,8,1,0,510900.0,308288.10000000003,77268.43979797978,0.0,9.0,1,0.0,2.2862652118957234
109767281,1,1,0,0,10000.0,11144.6,2951.933333333333,0.0,0.0,1,0.0,0.0008799999999991997
109849158,38,20,0,1,43785.36363636364,40303.25166666667,23554.262391972326,0.0,19391.499999999996,1,0.0,7.752773695651723
109904192,5,3,0,1,4859.75,6535.86,1185.2291111111113,0.0,4.03,1,0.0,10.456033015196764
109996153,24,13,1,3,7980.857142857143,6002.980555555556,3081.4085845238083,43100.0,40861.17,1,0.9480549883990719,17.457287433000424
110028619,64,43,0,5,38157.1,33717.405,7546.729933262389,179267.0,155822.45000000004,1,0.8692199345110926,25.011217804586355
111447347,5,1,1,3,19500.0,8645.181666666667,6166.352495039681,0.0,1106.33,2,0.0,29.76325020324757
111643196,166,114,13,7,231872.875,227138.53374999992,36960.2302022399,2262594.0,2246958.779999999,2,0.9930896926271345,19.261737871890617
112159489,164,91,8,5,222700.04545454544,201692.29583333337,-198.8479259599529,3397027.0,3385025.4799999986,1,0.9964670519251094,13.99951123217484
112445706,41,22,0,6,83472.35714285714,72425.49866666668,40882.43620751634,965113.0,881195.91,1,0.913049466746381,11.531201001117953
112590059,28,11,0,3,24850.0,15620.777142857143,49622.244699999996,235100.0,93267.45999999999,1,0.39671399404508717,30.565257505630942
112803801,53,29,5,6,22858.25,21008.679999999997,7913.413564775862,274299.0,273112.83999999997,2,0.9956756677931745,13.423289789408981
112827817,11,8,0,1,9816.8,8188.108333333334,3734.5752910052906,0.0,0.0,1,0.0,7.455802492275942
113223344,2,1,0,0,64000.0,64000.0,22666.666666666668,0.0,0.0,1,0.0,1.0
113296810,37,33,1,0,14339.09090909091,14361.61454545455,3135.4100987787347,5000.0,5003.23,1,1.000646,2.7463392506181448
113442009,1,1,0,0,5000.0,4999.14,2500.43,0.0,0.0,1,0.0,0.0
113607807,39,15,10,8,83649.41176470589,71461.94399999999,-41243.34711255268,666999.0,668220.1700000003,1,1.0018308423251014,39.04624718520682
113657698,17,5,2,4,47401.5,22778.897500000003,33272.37373511905,313780.0,180964.46,1,0.5767240104531838,53.55208804542078
113690331,83,46,10,3,20368.75,18454.17625,20289.551661732872,285900.0,255148.24999999994,1,0.8924387897866385,33.95893267323144
113753651,52,18,4,6,58710.17647058824,56073.990000000005,86559.35815911887,377350.0,371622.47000000003,2,0.9848217039883398,56.5893230867823
113925737,62,31,3,7,84715.0,84171.469375,-11740.12229920117,1151800.0,1140742.7400000002,4,0.9904000173641259,15.896177812644176
114016688,29,21,1,1,38216.666666666664,28676.05125,7042.792010426851,0.0,1.0,1,0.0,5.919604491931968
114027403,2,0,0,1,10817.0,7314.43,6381.25,0.0,0.0,1,0.0,18.12586021090801
114098126,4,4,0,0,17000.0,11728.135,4085.924166666668,0.0,0.0,1,0.0,0.13970588235294118
114106791,24,11,1,5,9208.333333333334,7432.742857142858,7376.197271604937,21000.0,15001.6,1,0.7143619047619048,33.5859766445695
114333702,1,0,0,1,1500.0,743.6533333333333,256.6750000000002,0.0,0.0,1,0.0,30.082460000000022
114487633,55,30,10,8,24029.05,20558.093478260867,7174.218885976125,182320.0,189128.6199999999,1,1.037344339622641,15.66687552563989
114538830,6,5,0,1,15566.666666666666,15645.335,454.6405194805203,16200.0,0.0,1,0.0,0.00036761658031112963
114589480,130,86,2,5,55417.142857142855,49122.92826086956,7630.582085380066,700650.0,665431.6,1,0.9497346749446942,22.190067562805144
114628707,3,1,1,1,4944.666666666667,5000.0,3584.0,0.0,0.0,1,0.0,31.66563300525819
114641662,24,13,2,5,6831.333333333333,2752.7569565217395,448.7552356433334,5380.0,15494.689999999986,1,2.8800539033457224,10.294640378933396
115167215,25,10,3,5,17372.4,9065.044736842106,7670.17398883573,32400.0,41264.369999999995,1,1.2735916666666665,32.16183993877276
115270428,5,4,0,0,4267.5,4338.3,2417.498333333333,0.0,0.0,1,0.0,2.905682483889865
115274099,19,8,1,2,148933.16666666666,124564.42142857143,75601.49850555557,0.0,0.0,2,0.0,15.066492044928545
115441321,37,26,2,2,16727.0,15096.22,5376.398344322344,11497.0,11488.0,1,0.9992171870922849,13.858949957180204
115516643,8,3,0,0,70517.0,60308.600000000006,41028.914833333336,0.0,0.0,1,0.0,3.140421017897945
115702303,33,15,7,6,24909.090909090908,15275.457777777778,-764.3345722741551,32400.0,43313.369999999995,2,1.3368324074074072,20.22457437382366
115793089,55,36,10,0,128979.08333333333,129156.45250000001,8288.621482898563,0.0,0.0,1,0.0,7.648790160371219
115842973,98,51,6,6,50717.25,40660.01727272728,33904.9197682649,711683.0,591311.6,1,0.830863741300551,29.743485961708508
116029714,123,78,0,8,70052.91304347826,63156.72958333333,32826.75374799217,1174255.0,1096203.3800000001,1,0.9335309451524585,15.943412933177934
116065527,41,25,5,4,21994.3125,22057.829999999998,-3419.4446264043177,41510.0,24190.06,1,0.5827525897374127,11.7913724183287
116143237,142,114,4,5,73324.125,68838.97708333335,39349.15133301108,1384779.0,1306409.859999999,1,0.9434067529909097,13.53968430607193
116191292,19,10,1,2,28014.285714285714,20469.192499999997,32770.709112346005,1140.0,21679.32,1,19.016947368421054,24.65569651303461
116308553,2,1,0,1,14000.0,7333.315,3157.611250000001,0.0,0.0,1,0.0,36.642507142857156
116360483,224,176,5,2,58070.208333333336,57159.00583333333,10314.139428769935,1136318.0,1120370.1099999994,1,0.985965293166173,6.823188699427155
116573873,232,138,6,7,53887.375,49964.91458333333,29464.6924235476,1046115.0,956813.1400000004,1,0.9146347581288867,16.285746445157393
116854562,7,2,1,1,7270.0,7286.0,2388.542857142857,600.0,601.0,1,1.0016666666666667,1.3992078324175057
116862354,6,2,1,2,9250.0,3419.0163636363645,2101.1754393939373,0.0,0.0,1,0.0,27.342765961850397
116862416,1,0,0,1,10000.0,2138.3640000000005,4749.8550000000005,0.0,0.0,1,0.0,123.59633500000001
117062644,154,86,5,5,10046.35,8986.595,5685.281439559552,26186.0,29393.550000000007,1,1.1224910257389447,17.121065068840025
117353389,2,2,0,0,10000.0,10000.0,5000.0,0.0,0.0,2,0.0,0.0
117614636,289,205,9,2,128534.375,122830.98041666666,49019.61881464929,1821660.0,1689712.770000001,1,0.9275675867066308,14.785479358239051
117655589,2,2,0,0,4250.0,2833.6666666666665,944.3333333333334,0.0,1.0,1,0.0,0.0
117913182,7,3,0,3,9100.0,4582.713,6874.188778300243,0.0,2330.5899999999997,1,0.0,47.947439293931076
118521945,69,59,0,1,33946.8,35758.530526315786,6026.9666002972535,482300.0,482318.39,2,1.0000381297947336,4.500655965703709
119176526,1,0,0,1,5000.0,572.5733333333333,1214.6717037037042,5000.0,5153.159999999999,1,1.0306319999999998,69.65865400000003
119393754,74,40,12,7,13604.545454545454,12625.534782608698,4165.874054432028,230200.0,222714.53999999998,1,0.9674827975673327,13.690177773813517
119486121,54,42,3,2,52340.72727272727,52254.220000000016,5741.117221617894,0.0,0.0,2,0.0,6.591305991442444
119532319,13,5,1,2,5233.333333333333,3011.631111111111,3102.954690476191,17600.0,18993.48,1,1.079175,45.47660064490466
119546974,2,1,0,1,300.0,182.32,59.47500000000001,0.0,0.0,1,0.0,0.8256000000000018
119720920,2,0,0,1,90000.0,4436.72,74276.38583333333,0.0,13029.35,1,0.0,186.0667779350511
119771507,24,17,0,3,23417.636363636364,25809.674,-2233.06477913753,257594.0,258096.73999999993,1,1.0019516758930718,10.610325752944968
120581272,94,66,5,8,259921.57894736843,247138.54899999997,-1070.9046932698784,1388010.0,1329107.0499999998,2,0.9575630218802457,7.649627829663052
120801127,117,51,11,4,171784.2105263158,125839.86652173914,81700.50891828201,3002900.0,2631883.7399999974,1,0.8764473475640205,18.41908744440681
120908988,18,9,2,4,25697.375,17232.841666666664,2129.9266235466243,19800.0,19800.7,1,1.0000353535353537,16.481741967303552
120974369,3,0,0,2,6000.0,2031.7966666666669,3208.273888888889,0.0,0.0,1,0.0,55.78712736373487
121285455,54,30,3,4,332925.0,248693.08874999997,347509.4527223939,0.0,219672.91,1,0.0,42.15853788980696
121573319,121,87,9,7,44599.52380952381,39136.69458333332,-869.5845789931601,207454.0,225294.88999999996,1,1.0859992576667596,18.362286220407412
122026123,32,17,2,5,29218.571428571428,36785.343636363636,5304.236364516122,337795.0,333362.14000000013,1,0.9868770704125287,20.507226016712902
122092364,56,40,1,3,65000.0,59785.45999999999,17969.464844195147,0.0,31059.01,2,0.0,8.495473883350178
122271936,61,41,3,0,169212.5,169464.995,-25565.685503594115,55500.0,61147.96000000001,1,1.1017650450450451,6.681005663823091
122426412,41,30,4,5,8442.2,6381.377,407.69592907345,13125.0,11704.060000000001,2,0.8917379047619048,21.576199486138787
122762541,77,37,6,8,29544.57894736842,24462.437142857147,34249.09460161093,284923.0,252295.62999999995,1,0.8854870614165931,45.22661384513286
123379368,11,4,0,3,6150.0,3110.0775,5273.709645833334,23900.0,24320.930000000004,1,1.0176121338912136,53.44547262872628
123430859,6,2,1,1,61030.0,14001.56,5195.212106481499,0.0,3041.8700000000003,1,0.0,8.211147960019664
123685010,121,74,10,7,82703.5,65597.9205263158,33468.583699073,1234656.0,1156240.3900000004,1,0.9364878881243037,17.85324643585212
123842477,4,2,0,1,31044.5,21071.97333333333,19986.62,0.0,0.0,1,0.0,55.048255085441866
124735333,213,124,25,5,443585.4583333333,415605.07958333334,146093.6057626552,5731055.0,4981492.930000003,1,0.869210456015516,13.935629498689588
124840948,289,195,2,1,356832.9166666667,328649.9808333334,205641.32807694538,6820090.0,6195114.970000003,1,0.9083626418419704,13.58838732254209
124937082,29,14,0,2,115726.0,48325.85636363637,50737.56450865374,0.0,49251.0,1,0.0,27.92492309295969
125032230,5,3,0,2,2580.0,1813.837142857143,3581.679325396826,1800.0,5000.0,1,2.7777777777777777,67.38669189189191
125138620,18,17,1,0,18262.5,18266.19625,3919.8929761904765,0.0,0.0,1,0.0,0.2702180013689254
125312782,39,18,3,8,81627.27272727272,77485.73045454545,29221.513443493386,1250400.0,1156673.95,2,0.9250431461932181,28.289169334755858
125317999,11,5,1,3,8866.666666666666,5460.557999999999,2542.0434315072225,0.0,1.9,1,0.0,22.05810698209263
125420310,23,9,0,3,275489.8333333333,113744.24857142857,95242.21002933361,0.0,98924.84,1,0.0,17.976056540606486
125486396,31,17,2,6,18142.85714285714,13410.871052631579,-2633.4569241932304,30400.0,30233.39,1,0.9945194078947368,24.029746884408855
125492503,6,1,3,1,9666.666666666666,7320.282500000001,-0.3598412698414298,0.0,1.0,1,0.0,5.268065270007723
125589630,191,82,8,7,399819.04761904763,362806.16086956527,119590.61762044845,6352700.0,6303360.189999998,1,0.9922332535772188,12.14804520650475
125681728,91,72,3,3,473053.3333333333,338725.9719047619,79557.27248440684,1300100.0,1414475.56,1,1.0879744327359435,6.012765078422697
125810467,3,1,0,1,44600.0,14866.694999999998,12108.845715538848,0.0,8.07,1,0.0,32.08321524663676
125844199,1,0,0,1,4835.0,737.3042857142856,3292.9970303030304,0.0,0.17,1,0.0,148.78584074457083
125848612,28,19,0,2,26846.88888888889,30278.3975,-2641.7822166666656,11400.0,0.0,1,0.0,7.8279193084676795
125853199,7,4,1,2,4076.0,2071.186666666667,-118.01535714285768,1600.0,1599.8200000000002,1,0.9998875000000002,60.75389400930032
125865087,22,9,0,0,21350.0,17116.344,3664.5105882352937,0.0,0.0,1,0.0,0.12889305816135085
125870141,6,2,0,1,3975.5,1282.29,1584.052836309522,0.0,2982.73,1,0.0,42.752871336938746
125952505,27,13,1,1,149981.0,39587.478571428575,11626.889443473181,0.0,1.0,1,0.0,4.086172543884715
126001015,38,25,1,3,51718.75,56486.26,40340.71909922757,258000.0,187557.21000000002,1,0.7269659302325582,23.084495563747502
126038567,85,49,10,9,34142.52380952381,28072.459565217396,30143.03494083178,447652.0,381792.39,1,0.8528776594318801,33.19912098998714
126058336,12,6,2,2,94148.0,48152.993749999994,68119.96639495797,197740.0,197934.03,1,1.0009812379892788,31.539929168965575
126085745,218,159,8,5,259448.5,259511.11416666664,23625.98863319612,3125852.0,3180409.0700000008,1,1.0174535038767032,6.25932299739252
126126512,17,6,0,4,3309.8888888888887,2156.1092857142858,2399.221789050235,0.0,3036.25,1,0.0,41.48396150424127
126128229,16,8,0,1,9741.75,7864.387,6531.413854935896,0.0,0.0,1,0.0,32.62900117378391
126129427,5,5,0,0,38300.0,32923.689999999995,8327.638095238095,0.0,0.0,1,0.0,1.0742137348517131
126149456,55,29,4,3,127707.16666666667,91004.08058823529,-55498.88511549773,60000.0,45542.200000000004,1,0.7590366666666667,15.597446936298509
126185858,1,0,0,0,17000.0,2273.92,14210.818888888889,0.0,0.0,1,0.0,49.20619312318228
126236414,120,64,5,11,38515.954545454544,33524.92749999999,14066.358703474505,333382.0,314368.7199999998,1,0.9429684866009557,47.208898895674906
126237846,185,122,8,1,66977.08333333333,62451.974583333336,50150.7243209246,1188800.0,1086040.4300000002,1,0.9135602540376851,24.483084780304946
126435708,30,18,4,2,37281.72727272727,33676.459166666675,15046.107805512065,0.0,17545.14,1,0.0,18.395632913924814
126486171,24,3,0,3,4590.0,3469.714285714286,-1749.298132936508,22950.0,24288.0,1,1.0583006535947712,24.298417195389174
126538773,266,166,5,4,67872.29166666667,64037.92416666667,48412.93898953799,575394.0,527944.5100000002,1,0.9175356538302455,18.067657319180157
126546951,4,1,0,2,6723.666666666667,4105.335999999999,-1219.3490740740742,0.0,0.0,1,0.0,18.685508696680696
126582759,29,19,1,5,9487.777777777777,7158.609166666668,246.24566402116486,0.0,1500.0,1,0.0,15.58549641522635
126619543,283,195,2,2,62193.416666666664,57810.63666666666,25935.13984495786,1302392.0,1194098.96,1,0.9168506563308129,11.835114794221358
126793444,2,1,0,0,28600.0,18089.690000000002,16555.394285714287,0.0,0.0,1,0.0,2.658415926419966
126829754,132,90,4,1,89800.83333333333,45004.13291666668,5770.407862002702,50758.0,62799.07000000003,1,1.2372250679695818,12.730162047270818
126917959,1,0,1,0,25000.0,25803.059999999998,11718.386000000002,0.0,0.0,1,0.0,3.1019396
127004578,273,209,7,0,426902.2083333333,406303.8033333334,152200.4514121106,6242453.0,5775596.329999998,1,0.9252126255496034,8.982253460080958
127024459,39,22,3,6,7368.272727272727,3921.715238095239,-77.97497632367656,13252.0,15511.94,1,1.1705357681859343,15.887680467153162
127045914,15,7,1,2,8100.666666666667,6950.4571428571435,1682.8143857142854,0.0,0.0,1,0.0,21.345960535543384
127052283,4,0,0,3,9917.333333333334,7642.9400000000005,5093.312333333333,0.0,15501.61,1,0.0,25.42690071255714
127056709,31,25,1,0,11044.625,9482.766666666668,3734.0418979386627,0.0,1.0,1,0.0,5.975303152268034
127166825,42,28,2,1,31385.0,28265.795999999995,-1458.738508448461,0.0,0.0,1,0.0,5.91981109196023
127306137,11,6,1,1,3894.0,3119.9885714285715,847.6506875000002,0.0,0.0,1,0.0,21.65141602465331
127326588,75,44,6,3,19557.0625,17401.40294117647,12028.085295328337,297913.0,280517.05000000016,1,0.9416072813203861,18.19804979103575
127427064,39,14,6,3,9881.5,7542.74,13080.299744463648,83221.0,54934.82000000002,1,0.660107665132599,27.976989446553556
127431914,14,8,2,2,59535.8,25024.371666666662,32011.839465544883,2759.0,17670.12,1,6.404537876042044,41.584626695198516
127488067,10,5,0,5,11487.375,8382.034545454546,1138.1014583333342,75999.0,76076.98999999999,1,1.0010261977131276,15.944913409143314
127614844,94,32,3,5,145118.33333333334,111847.88,202370.13754005067,1741420.0,1342174.56,1,0.7707356984529867,28.10864904934571
127662782,7,4,1,1,67333.33333333333,67333.21333333333,21413.908571428572,0.0,0.0,1,0.0,2.707979538737937
127800225,3,2,0,1,8500.0,5738.583333333333,5326.4365,0.0,0.0,1,0.0,20.079278235294115
128013774,7,3,0,3,3978.8,1127.6765,1498.1299003427134,0.0,5486.85,1,0.0,91.67672162461044
128490859,4,2,0,2,3774.75,2554.045,3451.1452083333343,0.0,13.2,1,0.0,53.15256175905689
128645075,4,3,0,1,4600.0,4677.900000000001,2169.9601666666663,0.0,0.0,1,0.0,11.000573942988328
128695741,1,1,0,0,1000.0,1000.0,500.0,0.0,0.0,1,0.0,0.0
128825023,8,4,0,0,30595.428571428572,32255.91,42989.216095238095,157068.0,71026.53,1,0.45220242188096876,34.36130674888331
129077642,15,5,1,1,9966.666666666666,9222.085714285715,5686.158974358975,41500.0,9000.0,1,0.21686746987951808,47.135458167330675
129162178,8,3,1,2,9021.666666666666,6105.105555555555,1718.528887445887,0.0,0.0,2,0.0,7.339825299466899
129226686,98,60,0,3,149580.36363636365,137594.24875000003,-1822.6000644414999,2576068.0,2649235.1700000004,1,1.028402654743586,6.890917493870438
129268156,39,26,1,1,262881.8,239503.72454545452,-8071.512141792279,0.0,1071.0,2,0.0,1.207619673065545
129453859,154,107,5,6,47370.391304347824,44531.579999999994,2923.574571489739,764462.0,733603.4400000005,1,0.959633624692922,11.701680499779089
129553755,3,1,0,1,24100.0,16355.733333333335,7026.215454545454,0.0,0.0,1,0.0,10.694388940330038
129842427,62,28,8,7,72996.42857142857,47695.71736842104,25778.66811876592,940950.0,824838.6000000002,1,0.876601944842978,15.882750493397568
129855290,117,80,12,7,127805.52173913043,122719.28208333334,-42672.10211704495,1958183.0,1959419.8700000003,1,1.0006316416800678,5.29564325362793
130007065,20,10,0,4,19935.555555555555,8628.714285714286,10361.258119047621,0.0,12044.82,1,0.0,31.627687994649413
130035007,66,35,4,3,15444.375,13025.596842105262,-1603.8368244471383,212360.0,208350.12000000002,1,0.9811175362591826,9.933668680253927
130230795,162,100,3,4,23919.541666666668,22186.400416666667,12695.831796542085,487335.0,445557.1300000001,1,0.9142727897647411,17.270466406561724
130378794,1,1,0,0,5000.0,2582.6,1167.6000000000001,0.0,0.0,1,0.0,0.01632000000000371
130385756,17,9,1,6,23182.777777777777,17442.898333333334,1517.9472912280705,152600.0,152846.36999999994,1,1.0016144823066837,28.660738198424905
130578606,2,0,0,1,17150.0,4354.099999999999,23223.94166666667,0.0,0.0,1,0.0,62.57593991869732
130581009,53,29,1,8,59054.75,45670.48238095239,5620.999956438179,156900.0,156182.01999999996,1,0.9954239643084765,29.768090512339665
130582739,7,2,3,0,14775.0,9555.928,7585.102916666668,0.0,18.0,1,0.0,1.933719364626482
130643967,4,2,0,1,23750.0,13716.131428571429,9150.181714285716,18000.0,19014.329999999998,1,1.0563516666666666,20.225490048335885
130682608,35,18,4,3,27525.85714285714,19303.841000000004,7608.989632417579,192681.0,193038.41,1,1.00185493120754,12.82178217715137
130754858,268,184,8,0,86328.91666666667,82563.17875,29955.58126305681,1262192.0,1183561.73,1,0.9377034001166225,9.785727882824297
130937153,19,9,0,5,7236.125,7241.625,2087.1588333333334,0.0,0.0,1,0.0,9.635578434590336
130995862,3,1,0,1,7500.0,2077.1762500000004,4173.1389458689455,0.0,5233.1900000000005,1,0.0,74.60414200000001
131100184,41,24,6,4,85396.42857142857,79911.59733333331,33630.31784200079,871000.0,871655.7400000002,1,1.0007528587830083,18.630621144066318
131236160,5,3,0,1,4750.0,3252.521666666666,2229.0450515873017,12000.0,12515.130000000001,1,1.0429275,13.091726842105263
131391467,19,11,0,3,18005.6,12077.716666666669,1668.6787797741465,23023.0,33680.51,1,1.462907092907093,40.291123923883895
131456267,337,181,2,2,82578.08333333333,76502.10708333334,37376.29164234481,1400282.0,1253084.0399999984,1,0.8948797742169066,11.469517616491583
131513358,35,18,4,6,5296.294117647059,3619.6122727272727,8101.235800497915,32989.0,34056.58999999998,1,1.0323619994543631,46.76975610270663
131542673,186,130,11,3,600595.4545454546,528698.04375,197215.89653883743,10030300.0,9596914.489999998,1,0.9567923681245823,8.860943718538717
131754195,128,86,6,2,42628.17647058824,31714.313333333335,14197.244529959584,698179.0,641249.9000000001,1,0.9184605953487575,14.169274097384774
131879637,3,1,0,1,6500.0,6500.0,625.0,0.0,0.0,1,0.0,15.0
131897474,36,22,3,1,16407.25,12676.333846153846,15644.275803418803,153887.0,121296.74000000003,2,0.7882195377127375,15.10293551777108
131927138,14,9,2,2,8488.75,6228.250909090909,2002.9311651338423,0.0,0.0,1,0.0,23.49462211489077
132145838,43,18,2,7,161740.47619047618,131877.35454545452,127738.33515171055,2496450.0,2098841.37,1,0.8407303851469087,34.8440335464969
132293031,11,8,1,2,8520.0,4761.09888888889,257.08751960784355,8800.0,8033.26,1,0.9128704545454546,22.333519204435312
132317349,19,6,4,4,2403.2,1887.3146153846158,-1002.7245859497641,5500.0,5737.65,1,1.0432090909090908,22.151736455860128
132618414,82,47,7,7,18308.14285714286,15279.75333333333,5879.078365374385,240314.0,212889.5000000001,1,0.8858805562722109,18.218483053821565
132654165,1,0,0,0,2000.0,,2000.0,0.0,0.0,1,0.0,
132662882,4,3,0,0,39848.0,39847.66,8660.437999999998,0.0,0.0,1,0.0,1.2837481548477374
132684139,4,0,0,1,9147.0,6736.674999999999,3607.188295454547,0.0,0.0,1,0.0,7.844238278879012
132703236,73,40,6,3,9298.52380952381,8560.0605,6215.770443017757,160800.0,139768.45,1,0.8692067786069653,19.2607246548834
132719096,5,3,1,1,14300.0,11601.552,3896.2732499999997,0.0,0.0,1,0.0,0.5950444055944056
132731395,60,37,3,5,4949.35,4728.215238095238,1095.623049567653,45490.0,49026.98999999999,1,1.0777531325566057,10.951508564677109
132848932,104,47,13,8,27897.0,19505.65045454545,36808.2708905248,549305.0,391999.48000000004,1,0.7136280936820164,16.377893233109077
132869552,22,10,2,4,11931.555555555555,10746.229,608.0542836700341,0.0,0.0,1,0.0,25.750554949166066
132909359,42,27,2,2,22290.18181818182,20459.796666666665,4149.2606564769485,0.0,0.0,1,0.0,9.518085073300586
132913352,37,20,3,8,5361.6,4038.2765,2716.5391883608822,61112.0,63786.859999999964,1,1.0437697997120037,27.460664769028508
132953753,2,2,0,0,4817.0,4900.0,2284.0,0.0,0.0,1,0.0,1.0
133412318,1,1,0,0,16000.0,16000.0,8000.0,0.0,0.0,1,0.0,0.0
133442369,157,100,10,6,39243.34782608696,40177.00681818183,14872.717967139364,554843.0,551332.7999999999,1,0.9936735256640166,12.431719695910523
133451550,1,0,0,1,46520.0,5583.950000000001,31912.945629284575,0.0,1.0,1,0.0,187.4757648323302
133481767,136,79,8,9,142895.45454545456,124294.54749999999,58296.553734044195,2501700.0,2369542.239999999,2,0.9471728184834308,15.390012506711873
133524274,147,79,5,7,45394.72727272727,42741.31739130434,4120.903327906503,718172.0,704605.0500000003,1,0.981109051870583,7.421019291100416
133558661,153,121,8,4,1214695.6956521738,1099608.315,599448.3077607244,20068001.0,18514533.14,1,0.922589805531702,11.662895539182612
133574252,6,3,0,1,17666.666666666668,17666.47333333333,11710.9853125,0.0,0.0,1,0.0,15.571788521459291
133583397,5,4,0,1,7650.0,5150.856666666667,4870.566714285714,0.0,0.0,1,0.0,23.691405072979553
133698079,5,3,0,2,5000.0,3597.5714285714284,-379.92857142857144,0.0,0.0,1,0.0,22.486859069721312
133713460,28,27,0,0,10000.0,10013.02846153846,2209.126498778999,9000.0,9000.0,1,1.0,0.038461538461538464
133732730,128,58,11,9,75100.0,62206.79636363636,57886.07882047712,1152100.0,951114.6900000001,1,0.8255487284089923,14.297702440751332
133928077,48,27,1,2,46131.5,42012.47909090909,8208.416758333327,30500.0,34500.0,1,1.1311475409836065,7.402199958928169
133929177,71,37,5,9,12117.444444444445,9852.110454545455,3795.96923229048,130577.0,136257.33999999997,1,1.0435018418251298,21.89981427468844
133980199,3,3,0,0,14666.666666666666,14666.666666666666,7333.333333333333,14500.0,14500.0,1,1.0,0.0
134101986,1,1,0,1,100.0,1230.0,-1858.9499999999998,0.0,0.0,1,0.0,0.0
134341977,163,107,8,8,486952.73913043475,484322.0991304349,102685.07193601357,5987439.0,5975474.719999999,1,0.9980017700389096,12.106215908044225
134362495,67,44,8,2,14756.411764705883,11393.802727272727,4290.412631617214,73306.0,79657.36000000002,1,1.0866417482879984,31.85568858265422
134375770,4,3,0,1,4450.0,2545.737142857143,2093.0266666666666,17800.0,17820.160000000003,1,1.0011325842696632,22.052987731898778
134431086,7,3,0,2,1675.5,766.87,516.4327469135802,0.0,0.0,1,0.0,22.17937907368414
134528138,2,1,0,1,3667.0,3020.13,2380.83625,0.0,0.0,1,0.0,13.470878737008007
134575220,113,65,9,3,87045.07692307692,66124.71375,34662.898917355385,1122586.0,1055513.8399999999,1,0.9402520964986201,11.661957741682691
134624392,53,25,7,8,10138.578947368422,8319.50347826087,6186.271172858543,130162.0,135305.81000000003,1,1.0395185230712498,22.47079508370894
134630606,1,1,0,0,30000.0,30000.0,15000.0,0.0,0.0,1,0.0,1.0
134645351,218,131,5,4,291081.0,287550.2441666667,55157.44792491459,5407534.0,5497437.830000003,1,1.0166256615307463,7.3045217867546235
134690631,64,43,4,4,11569.066666666668,7597.546363636363,4585.346265057192,15499.0,17462.079999999998,1,1.1266584940963933,26.404325080658666
134796935,91,44,8,6,47522.666666666664,31758.58,1374.2228729685455,11100.0,21889.770000000008,1,1.972051351351352,10.661658249044756
134828432,2,1,1,1,72500.0,3715.1825000000003,48144.02738095236,0.0,24588.86,1,0.0,230.71280213017798
134829201,38,27,1,4,17804.125,14273.575,3941.2493059345666,0.0,0.0,1,0.0,8.715990763559045
134902105,8,5,0,1,9200.0,8450.1225,4349.373047619048,36800.0,33800.49,1,0.9184915760869564,11.18969364910727
134996721,3,1,0,0,700.0,888.8,242.28000000000003,0.0,0.0,1,0.0,0.0
135098750,178,137,2,3,64755.666666666664,64403.59375,14164.234491119632,1140469.0,1120443.2000000004,1,0.9824407327161022,10.551529712032655
135166843,49,37,1,0,33015.75,32043.867499999993,17276.94374547101,0.0,0.0,1,0.0,10.34486994014273
135200586,208,129,4,3,110330.83333333333,105607.51833333331,34505.49999671398,1838803.0,1761686.0999999987,1,0.9580613583945636,9.024944420700413
135318973,2,0,0,1,5000.0,1176.7455555555557,1668.7554,0.0,88.29,1,0.0,148.65849902177158
135361108,32,13,0,6,164079.5,153088.7672727273,36679.19244888888,1634986.0,1347647.67,1,0.8242563973024845,22.659401749297118
135421068,148,84,12,3,223516.66666666666,194732.88526315792,145508.6213228244,3664300.0,3402227.5899999994,1,0.9284795431596756,15.81414274520313
135482251,19,9,0,4,86581.11111111111,35773.31952380952,76111.47410384164,125100.0,198827.31999999995,1,1.5893470823341322,48.835740917248984
135578113,7,2,0,2,5500.0,1066.9133333333334,2253.938099415204,6000.0,9313.119999999997,1,1.5521866666666662,29.55067578122559
135584258,2,1,0,1,11014.5,11014.605,4668.1291666666675,0.0,0.0,1,0.0,14.618412093149939
135591054,18,12,0,2,12428.57142857143,9674.333333333334,-1532.0889610389609,0.0,3000.0,1,0.0,4.4394140625
135712428,135,62,8,8,55469.166666666664,60548.726363636364,14151.372047583138,856660.0,857221.5699999998,1,1.0006555342843133,11.170181663027769
135999808,8,3,0,2,31482.0,9938.203846153847,24760.63123076923,0.0,19075.37,1,0.0,34.557186914014224
136047207,100,57,19,4,17885.55,17511.491578947367,7055.655866642389,237539.0,215316.6600000001,1,0.9064476149179718,16.785091775237685
136189037,3,1,1,0,142300.0,72448.63,39776.926190476195,0.0,0.0,1,0.0,2.5665167955024595
136205933,44,28,3,3,5508.0,5125.993076923076,704.1233095238093,6000.0,7515.65,1,1.2526083333333333,16.063442058625803
136412315,24,9,4,7,5828.333333333333,4402.465,720.9988217913208,29900.0,34672.37000000001,1,1.159611036789298,54.00935661995172
136421394,129,90,7,2,58294.375,55702.681249999994,31641.18542369855,847923.0,782631.0099999999,1,0.922997736822801,18.89336598257418
136521574,155,98,19,6,35024.545454545456,30421.356249999997,11172.862038537873,586540.0,555303.2000000008,1,0.946743956081428,24.217908757691852
136522686,2,1,0,1,15000.0,15247.8,4066.0114285714285,0.0,0.0,1,0.0,5.439058666666666
136585595,5,3,0,2,4855.0,1084.2872727272727,886.3140909090909,0.0,3676.0,2,0.0,48.69742533470649
136653898,15,7,3,4,7319.571428571428,6929.525714285715,3288.1273125000007,0.0,0.0,1,0.0,17.222871821999206
136720101,2,0,1,1,28421.0,4738.67,10723.63730555555,0.0,0.0,1,0.0,24.519627237178355
136939578,4,1,0,1,3952.6666666666665,1519.0837499999998,613.4288271604942,0.0,13.65,1,0.0,89.15930113649571
137089480,231,161,10,3,36856.708333333336,36234.89166666666,3636.398992264045,640562.0,634023.9600000001,1,0.9897932752801447,10.885628088180459
137360779,49,29,4,5,7625.714285714285,7278.652857142857,2526.4263182234436,105260.0,101888.98000000001,1,0.967974349230477,19.174562902558304
137385174,9,5,0,1,5923.5,3653.3642857142863,1073.3249999999996,0.0,0.0,1,0.0,11.505024286668936
137438107,3,1,0,1,9015.0,1965.7959999999998,1645.4323809523812,0.0,59.08,1,0.0,29.399647254575708
137439828,87,49,8,10,20519.04761904762,18625.008260869567,-347.84057274407394,316600.0,321703.3600000003,1,1.0161192672141512,18.75798435001201
137622347,21,11,1,5,6038.384615384615,5246.633076923076,5370.9662491582485,50999.0,45262.7,1,0.8875213239475284,26.664028146060797
137703296,126,78,10,6,618607.5,614020.7866666666,120761.04976475972,10070335.0,9984830.269999998,1,0.9915092467132421,10.130742983326282
137805369,36,21,4,1,15250.0,12918.199090909091,13700.600132460975,0.0,338.27,1,0.0,25.031939506907065
137927809,19,11,1,3,15111.375,10999.282727272728,6307.11375442739,0.0,0.0,1,0.0,8.651676468885194
137955990,17,5,1,3,57562.5,39981.746,65235.92463466184,147100.0,147407.47999999998,1,1.0020902787219577,89.26308718237078
137956396,67,49,3,4,35501.666666666664,23746.30388888889,5355.738164374606,11000.0,20752.440000000002,1,1.8865854545454548,8.464198218790116
138001843,27,20,2,2,16710.0,13939.495,4738.472446741852,0.0,0.0,1,0.0,12.594363323663158
138138862,17,12,0,3,30177.6,16822.00222222222,589.2267423558899,12500.0,0.0,1,0.0,5.64014004104402
138139134,10,1,0,2,5095.666666666667,1609.9562499999997,3283.665583333333,0.0,888.1,1,0.0,88.77639482182578
138194113,28,14,0,4,12124.0,6616.483157894737,-95.00505580871045,0.0,11956.769999999999,1,0.0,25.00522533590346
138195654,5,2,0,1,26432.0,5414.348000000001,3269.5475111111123,0.0,0.0,1,0.0,15.931662378934627
138379017,62,33,7,8,30358.777777777777,26172.264210526315,15143.41000587157,492458.0,448213.23,1,0.9101552416652791,20.8520479918707
138501011,1,0,0,0,97640.0,1759.2066666666667,96281.37875,0.0,5000.0,1,0.0,282.25428318067617
138523062,1,0,0,0,25000.0,,25000.0,25000.0,0.0,1,0.0,
138688531,138,93,12,5,20446.208333333332,20269.139583333334,3317.320390355897,238335.0,240970.84999999995,1,1.011059433150817,12.452536271692559
138691435,52,33,8,6,8699.555555555555,7630.597,2367.3851727465953,122292.0,124589.02999999991,1,1.0187831583423275,14.765647592391707
138798244,259,152,10,4,45305.25,42835.191249999996,18192.172477391665,711994.0,660464.5000000005,1,0.9276264968525022,20.71451369577788
138819113,6,3,0,2,2666.6666666666665,4002.815,945.0197619047609,0.0,0.0,1,0.0,8.40088827586207
139046362,460,193,1,0,969664.0833333334,950411.3141666669,271110.26953347545,15391053.0,14994004.30999999,1,0.974202629930518,6.4480709724611245
144226787,81,60,4,3,198752.75,133651.2511111111,62670.99950101299,30000.0,169696.05000000002,1,5.656535000000001,16.813090514890153
145727553,3,0,0,1,2500.0,535.6139999999999,3557.1705456349214,0.0,0.0,1,0.0,132.90729517899084
145917617,12,7,2,3,13760.0,5767.413333333334,4510.46120825603,32800.0,36636.240000000005,1,1.116958536585366,30.743459266642805
145973940,2,1,0,0,24000.0,12301.91,5853.7733333333335,0.0,0.0,1,0.0,0.0007610869720895919
146084413,1,1,0,0,100.0,784.4,-314.52,100.0,784.4,2,7.843999999999999,0.0
146347692,6,1,1,3,2700.0,2200.2316666666666,2150.5445054945053,0.0,0.0,1,0.0,31.793987114694648
146494206,6,3,0,0,13450.0,6776.8175,-1207.3240625000003,0.0,0.0,1,0.0,0.2414759458197104
146649343,22,14,1,1,8933.333333333334,7961.5650000000005,3077.583311403508,3600.0,4200.0,1,1.1666666666666667,12.030421070504666
146789915,11,5,1,1,121821.33333333333,36932.753,22893.848285296866,0.0,90501.06,1,0.0,7.967371335266891
146860543,1,0,0,1,5799.0,2004.3466666666666,2677.9762499999997,0.0,5001.55,1,0.0,80.36008104845664
146964870,14,9,3,1,7671.428571428572,5373.289999999999,1442.1693409090906,49700.0,49732.9,1,1.000661971830986,5.139129608938546
146983962,1,1,0,0,5000.0,5000.0,2500.0,0.0,0.0,1,0.0,0.0
146993236,12,7,0,0,21725.0,43797.28,-2488.176249999999,0.0,0.0,1,0.0,0.6995171171171171
147000222,4,2,1,0,47000.0,31341.50333333333,3938.020241545893,0.0,1.0,1,0.0,1.7875109285687885
147025144,4,2,0,2,6500.0,8666.666666666666,3899.9044999999996,0.0,0.0,1,0.0,15.5
147099891,4,3,0,0,15500.0,12500.23,5164.684444444447,0.0,0.0,1,0.0,1.5192768453060466
147192421,4,1,0,1,133040.0,31301.3325,36694.51320833332,0.0,15257.48,1,0.0,25.557396637986574
147224577,29,16,0,0,227364.0,227879.0075,36081.618258833536,0.0,0.0,1,0.0,3.643318163038788
147248745,10,5,0,2,8092.0,4463.494285714285,2717.305064935066,0.0,0.0,1,0.0,8.979797269264008
147291105,17,11,0,1,42666.5,36724.03571428572,12506.512556818181,0.0,0.0,1,0.0,6.099255306682084
147387348,9,0,0,0,2388.8333333333335,1500.0,8054.035714285715,14333.0,1500.0,1,0.10465359659526965,84.0
147390502,3,2,0,0,12311.0,8433.813333333334,2638.644444444444,0.0,0.0,1,0.0,1.0
147465310,53,35,2,0,28595.3,23867.414999999997,540.1005307495683,0.0,0.0,1,0.0,5.072344938708262
147471627,34,11,4,3,124627.2,93177.168,181090.9642524802,1246272.0,931771.6799999999,1,0.7476471267909413,36.16173607036436
147471956,51,32,6,3,222041.5,160487.03,-12908.492135607568,1295.0,60512.67,1,46.7279305019305,11.790976988264287
147567620,1,1,0,0,10680.0,10714.07,7829.8150000000005,0.0,0.0,1,0.0,0.9656676029962546
147575499,1,1,0,0,5000.0,4999.39,2500.305,0.0,0.0,1,0.0,0.0
147615261,7,3,1,1,8583.5,3904.7612500000005,1971.9986111111114,5000.0,4991.0,1,0.9982,27.28308842691203
147690727,33,23,0,1,13061.25,8356.94277777778,12217.931395880634,137516.0,145221.37999999998,1,1.0560326071148083,37.974567919142665
147720006,19,10,1,6,10081.375,5665.345714285714,4410.256410364147,59651.0,57960.11,1,0.9716536185478869,27.469041301702788
147857092,7,2,0,1,93280.5,54477.33000000001,38059.028,0.0,0.0,1,0.0,12.268390391245411
148229109,169,108,13,5,29251.363636363636,27458.65260869565,5324.884038345611,363566.0,355500.18999999994,1,0.9778147296501871,9.25637974455134
148234864,32,14,2,5,9875.0,10062.217142857144,2105.0386111111106,119000.0,104555.41,1,0.8786168907563026,20.517373191807764
148249400,4,2,0,2,4350.0,8700.0,1750.0,0.0,0.0,1,0.0,10.655172413793103
148326712,17,9,1,3,9896.181818181818,10963.128,15630.313632783882,1363.0,3.4,1,0.0024944974321349962,47.886078192318514
148332280,6,4,0,1,11500.0,7179.793333333334,2228.5395555555565,0.0,0.0,1,0.0,2.42838394642608
148542200,1,1,0,0,14000.0,14479.08,4374.599999999999,0.0,0.0,1,0.0,0.0
148656356,4,2,0,2,125666.66666666667,75687.61166666666,46882.459523809535,0.0,0.0,1,0.0,24.568976153846158
148742713,3,1,0,0,27888.0,9503.68,4222.034444444443,0.0,10.0,1,0.0,1.5603442340791738
148748239,143,76,7,4,119238.0,72732.42913043477,-6880.41582406271,190218.0,226878.95999999993,1,1.1927312872598803,9.958554126154
148783912,17,8,0,1,17296.625,10499.1125,40948.186881868125,138373.0,83992.9,1,0.6070035339264163,61.45872555894606
148829366,143,61,2,4,233369.23076923078,233998.81999999998,20720.01085182572,3033800.0,3041984.66,1,1.002697824510515,7.047299583359092
148833232,165,139,1,2,143328.70833333334,143183.52375,5473.895872594679,2103095.0,2099458.3,1,0.9982707866263768,1.6127902227233049
148994469,14,7,2,3,11797.666666666666,7907.899999999999,3269.1621536098314,36986.0,37033.23,1,1.0012769696641974,13.188141864210436
149305150,24,8,5,5,3640.909090909091,2280.9917647058824,1680.940098504274,14400.0,14040.51,1,0.9750354166666667,29.77603158653353
149357621,133,82,15,9,41139.458333333336,41204.015,-2401.1001775654627,418147.0,422252.31000000006,1,1.0098178630959926,13.209761988248554
149363344,1,0,1,0,4800.0,4966.01,2809.236666666667,0.0,0.0,1,0.0,2.0357874999999996
149364587,21,14,1,1,76033.33333333333,42880.542499999996,74758.878342246,266200.0,178460.97,1,0.6704018407212622,52.727638808764695
149565078,26,15,1,5,135176.625,54374.45588235294,74016.68260719332,0.0,33636.67,1,0.0,15.362892590523911
149824493,156,131,2,0,13716.666666666666,14326.337826086958,255.8496240057535,198000.0,198091.7,1,1.0004631313131314,2.0694991400491403
149986839,20,11,0,3,21339.666666666668,18626.717142857146,1053.8512640901777,0.0,0.0,1,0.0,8.12182647467205
150041322,69,37,6,3,72937.14285714286,68712.9038095238,36442.38438525244,878680.0,781567.87,1,0.8894795261073428,19.67375710170967
150389205,114,67,3,5,23308.85714285714,20449.185833333333,1981.529179108559,242360.0,252235.12999999983,1,1.040745708862848,21.30668205794673
150445143,78,46,10,3,17389.772727272728,17061.568636363638,1387.7574712770424,262679.0,255222.15000000005,1,0.9716123100818872,18.99057843861209
150995977,11,5,1,2,2371.4285714285716,2106.1462500000002,648.563648148148,10100.0,8910.369999999999,1,0.8822148514851484,22.810781960459092
151040932,1,0,0,0,11598.0,3329.835,8928.959375,0.0,0.0,1,0.0,21.56503250161044
151093187,53,34,1,3,62420.0,39069.820625,128719.33065138785,877800.0,538630.79,1,0.6136144793802689,50.71548496377424
151607864,148,102,10,5,42555.260869565216,44204.371818181804,10059.892890371691,827062.0,832339.1099999993,1,1.0063805494630382,16.047163209225094
151635749,39,29,2,3,8873.235294117647,7956.150000000001,2019.010918079396,46800.0,50519.62000000001,1,1.07947905982906,12.159933259098944
151687774,6,4,0,0,6433.333333333333,6432.533333333333,1869.6509166666665,2000.0,2000.0,1,1.0,1.027993636514386
151688243,135,54,7,6,232955.0,198512.40999999997,160145.291623528,3167515.0,2360637.91,1,0.7452649506000761,20.348319208915942
151827192,39,19,5,6,25388.5,18727.54210526315,9040.48970734217,63600.0,63762.70000000001,1,1.002558176100629,34.78077615412871
152080992,5,3,0,1,61300.0,14914.252307692306,345.38716286277935,0.0,233.24,1,0.0,7.254131148814796
152357355,160,105,10,4,94299.72727272728,79499.38458333335,43855.01306296644,1619694.0,1437467.4699999988,2,0.8874932363767469,18.74357401838345
153673287,12,8,0,1,31285.8,41872.24,3413.876965811967,15500.0,0.0,1,0.0,7.187549499696787
153816367,177,103,13,2,159589.16666666666,148160.59833333336,27053.98623253249,2204311.0,1920064.8099999998,1,0.8710498700047316,10.687831214733489
154123051,490,240,4,1,123126.0,119134.98083333335,44122.82953022014,2089398.0,2005105.9600000002,1,0.9596572601294728,9.916354242341917
154418296,6,3,0,0,297190.0,66919.68000000001,100100.54479532165,0.0,0.0,1,0.0,3.034312477286203
154429070,27,11,2,2,21142.777777777777,9096.491666666665,25714.848609273173,103474.0,109156.25999999995,1,1.0549148578386836,45.61290816585696
154467208,1,0,0,0,25680.0,2281.7900000000004,23371.79893939394,0.0,0.0,1,0.0,43.408628021567864
154597272,6,4,0,1,5283.333333333333,4004.1299999999997,1321.7174500000003,15850.0,16016.52,1,1.0105059936908518,9.918440378548896
154767575,11,7,1,2,8916.666666666666,8952.453333333333,1750.5281172839502,0.0,0.0,1,0.0,13.610939518051225
154976614,28,20,1,0,23811.8,19281.807500000003,4653.467924028067,0.0,122.10000000000001,1,0.0,1.8223665635250825
155701849,28,14,3,4,13957.666666666666,10437.08,5576.234042162698,0.0,1.0,1,0.0,18.23768944439574
155743923,200,143,7,5,54542.166666666664,51381.91791666666,28914.867127351437,915260.0,845963.0800000004,1,0.9242871752288971,13.209850412376177
155779787,3,0,0,1,12854.333333333334,2937.3552941176476,6659.205293209878,0.0,23571.940000000002,1,0.0,158.1820065866245
155794701,80,47,4,6,53236.882352941175,44831.86277777778,28088.197358028057,853027.0,753933.3400000001,1,0.8838329150191027,16.505313559953997
155845927,3,1,0,1,88500.0,32810.7675,31076.704500000007,0.0,0.0,1,0.0,12.599029747474097
156056523,17,11,0,3,4400.777777777777,3616.97,1321.70463980464,4700.0,9760.439999999999,1,2.0766893617021274,9.902430883429696
156078797,2,0,0,2,10000.0,10000.0,5000.0,0.0,0.0,1,0.0,30.3
156378945,77,40,5,7,6156.294117647059,4790.704545454544,-632.589222754589,20600.0,20540.800000000014,1,0.9971262135922336,17.265977855628048
156475991,1,1,0,0,500.0,500.0,250.0,500.0,500.0,1,1.0,0.0
156539204,48,37,2,3,21610.25,17274.521333333334,-172.1172928330928,7000.0,9432.81,1,1.3475442857142856,9.439855208996143
157046625,36,25,0,2,20302.3,18494.406363636364,-531.2306186868692,4800.0,4800.0,1,1.0,7.834726331345747
157639593,4,3,0,0,8502.5,8585.1,2709.95,4005.0,4170.2,1,1.0412484394506867,0.7644810349897089
112236000000,1,0,0,0,1500.0,,1500.0,0.0,0.0,0,0.0,
113601000000,2,0,0,0,6000.0,,11000.0,0.0,0.0,0,0.0,
113947000000,116,0,0,0,122378.26086956522,,1686626.6218081433,674500.0,0.0,0,0.0,
118609000000,43,0,0,0,484133.7272727273,,1930604.8365231259,200000.0,0.0,0,0.0,
122999000000,291,0,0,0,1135915.7083333333,,17005469.930064518,8435670.0,0.0,0,0.0,
127730000000,58,0,0,0,215777.77777777778,,979760.4617604618,0.0,0.0,0,0.0,
131589000000,35,0,0,0,603170.8,,2649349.433333333,200000.0,0.0,0,0.0,
133438000000,9,0,0,0,257142.85714285713,,885714.2857142857,0.0,0.0,0,0.0,
134123000000,203,0,0,0,821041.6666666666,,10643984.093258698,10830000.0,0.0,0,0.0,
136273000000,23,0,0,0,44545.6,,253595.6488095238,10800.0,0.0,0,0.0,
138152000000,1,0,0,0,38000.0,,38000.0,0.0,0.0,0,0.0,
148731000000,52,0,0,0,152590.0,,631770.3869047619,20000.0,0.0,0,0.0,
